{
    "example" : "von Mises Truss",

    "structure_type" : "2D",

    "E" : [1000, 1000],
    "A" : [1, 1],

    "L" : 1.0,
    "H" : 0.2,

    "L0" : 1.019804,
    "sb0" : 0.1961161,
    "P": -7.54292422,

    "coords" : [
    [-1.0, 0.0],
    [0.0,  0.2],
    [1.0,  0.0]
        ],

    "elems" : [
        [0, 1],
        [1, 2]
    ],

    "supports" : [
        [1, 1],
        [0, 0],
        [1, 1]
        ],

    "forces" : [
            [0, 0],
            [0, -7.54292422],
            [0, 0]
        ]
}