{
    "E": [
        1000,
        1000,
        1000,
        1000,
        1000,
        1000,
        1000,
        1000,
        1000
    ],
    "A": [
        1,
        1,
        1,
        1,
        1,
        1,
        1,
        1,
        1
    ],
    "coords": [
        [
            0.0,
            0.0,
            0.0
        ],
        [
            5.0,
            0.0,
            0.0
        ],
        [
            10.0,
            0.0,
            0.0
        ],
        [
            0.0,
            5.0,
            0.0
        ],
        [
            5.0,
            5.0,
            0.0
        ],
        [
            10.0,
            5.0,
            0.0
        ]
    ],
    "elems": [
        [
            0,
            1
        ],
        [
            1,
            2
        ],
        [
            3,
            4
        ],
        [
            4,
            5
        ],
        [
            0,
            3
        ],
        [
            1,
            4
        ],
        [
            2,
            5
        ],
        [
            3,
            1
        ],
        [
            1,
            5
        ]
    ],
    "supports": [
        [
            1.0,
            1.0,
            1.0
        ],
        [
            0.0,
            0.0,
            1.0
        ],
        [
            0.0,
            1.0,
            1.0
        ],
        [
            0.0,
            0.0,
            1.0
        ],
        [
            0.0,
            0.0,
            1.0
        ],
        [
            0.0,
            0.0,
            1.0
        ]
    ],
    "forces": [
        [
            0.0,
            0.0,
            0.0
        ],
        [
            0.0,
            0.0,
            0.0
        ],
        [
            0.0,
            0.0,
            0.0
        ],
        [
            0.0,
            0.0,
            0.0
        ],
        [
            0.0,
            -60.0,
            0.0
        ],
        [
            0.0,
            0.0,
            0.0
        ]
    ],
    "nodal_R": [
        [
            -3.541836690496792e-15,
            30.0,
            0.0
        ],
        [
            -7.020782377454396e-16,
            -8.112861630440204e-15,
            2.3976602176252537e-16
        ],
        [
            5.446253024316105e-16,
            30.0,
            0.0
        ],
        [
            2.1511328137809017e-17,
            -4.33107270193722e-15,
            -2.1835690276538826
        ],
        [
            -7.97063686297411e-16,
            6.461053370908979e-15,
            0.0
        ],
        [
            3.0732671961496757e-15,
            -2.857266154914788e-15,
            2.1835690276538826
        ]
    ],
    "nodal_q": [
        [
            0.0,
            0.0,
            0.0
        ],
        [
            -0.06699419987883531,
            -0.866868190772122,
            0.0
        ],
        [
            -0.13398839975767063,
            0.0,
            0.0
        ],
        [
            0.26596979270200466,
            -0.17254716653055654,
            0.0
        ],
        [
            -0.06699419987883547,
            -1.4197109978737168,
            0.0
        ],
        [
            -0.3999581924596755,
            -0.17254716653055654,
            0.0
        ]
    ],
    "nodal_Ne": [
        [
            1.7201336764694322,
            1.7201336764694322
        ],
        [
            1.7201336764694302,
            1.7201336764694302
        ],
        [
            -33.26714564299871,
            -33.26714564299871
        ],
        [
            -33.26714564299871,
            -33.26714564299871
        ],
        [
            -31.903733706187708,
            -31.903733706187708
        ],
        [
            -98.34315411824433,
            -98.34315411824433
        ],
        [
            -31.903733706187715,
            -31.903733706187715
        ],
        [
            44.475578621229744,
            44.475578621229744
        ],
        [
            44.475578621229765,
            44.475578621229765
        ]
    ],
    "element_Ne": [
        [
            1.7201336764694322
        ],
        [
            1.7201336764694302
        ],
        [
            -33.26714564299871
        ],
        [
            -33.26714564299871
        ],
        [
            -31.903733706187708
        ],
        [
            -98.34315411824433
        ],
        [
            -31.903733706187715
        ],
        [
            44.475578621229744
        ],
        [
            44.475578621229765
        ]
    ],
    "coords_dis": [
        [
            0.0,
            0.0,
            0.0
        ],
        [
            4.9330058001211645,
            -0.866868190772122,
            0.0
        ],
        [
            9.866011600242329,
            0.0,
            0.0
        ],
        [
            0.26596979270200466,
            4.827452833469444,
            0.0
        ],
        [
            4.9330058001211645,
            3.580289002126283,
            0.0
        ],
        [
            9.600041807540325,
            4.827452833469444,
            0.0
        ]
    ]
}